Sep,25,20:53,acp_esm1b_mean_lr.sav
Sep,25,20:53,acp_esm1b_mean_xgb.sav
Sep,25,20:54,acp_esm1b_mean_rf.sav
Sep,25,20:54,acp_esm1b_mean_svm.sav
Sep,25,20:56,acp_esm1v_mean_lr.sav
Sep,25,20:56,acp_esm1v_mean_xgb.sav
Sep,25,20:57,acp_esm1v_mean_rf.sav
Sep,25,20:57,acp_esm1v_mean_svm.sav
Sep,25,20:59,acp_dlm_avg_xgb.sav
Sep,25,21:00,acp_dlm_avg_lr.sav
Sep,25,21:01,acp_dlm_avg_svm.sav
Sep,25,21:02,acp_dlm_avg_rf.sav
Sep,25,21:03,acp_dlm_max_xgb.sav
Sep,25,21:04,acp_dlm_max_lr.sav
Sep,25,21:05,acp_dlm_max_svm.sav
Sep,25,21:06,acp_dlm_max_rf.sav
Sep,25,21:08,acp_dlm_sum_xgb.sav
Sep,25,21:09,acp_dlm_sum_lr.sav
Sep,25,21:10,acp_dlm_sum_svm.sav
Sep,25,21:11,acp_dlm_sum_rf.sav
Sep,25,21:13,acp_mt_avg_lr.sav
Sep,25,21:13,acp_mt_avg_xgb.sav
Sep,25,21:14,acp_mt_avg_svm.sav
Sep,25,21:15,acp_mt_avg_rf.sav
Sep,25,21:17,acp_mt_max_xgb.sav
Sep,25,21:18,acp_mt_max_lr.sav
Sep,25,21:18,acp_mt_max_svm.sav
Sep,25,21:20,acp_mt_max_rf.sav
Sep,25,21:22,acp_mt_sum_lr.sav
Sep,25,21:22,acp_mt_sum_xgb.sav
Sep,25,21:23,acp_mt_sum_svm.sav
Sep,25,21:24,acp_mt_sum_rf.sav
