Sep,29,7:17,amp_esm1b_mean_lr.sav
Sep,29,7:17,amp_esm1b_mean_xgb.sav
Sep,29,7:18,amp_esm1b_mean_svm.sav
Sep,29,7:21,amp_esm1b_mean_rf.sav
Sep,29,7:24,amp_esm1v_mean_xgb.sav
Sep,29,7:25,amp_esm1v_mean_lr.sav
Sep,29,7:26,amp_esm1v_mean_svm.sav
Sep,29,7:28,amp_esm1v_mean_rf.sav
Sep,29,7:32,amp_dlm_avg_xgb.sav
Sep,29,7:34,amp_dlm_avg_lr.sav
Sep,29,7:35,amp_dlm_avg_svm.sav
Sep,29,7:39,amp_dlm_avg_rf.sav
Sep,29,7:43,amp_dlm_max_xgb.sav
Sep,29,7:45,amp_dlm_max_lr.sav
Sep,29,7:47,amp_dlm_max_svm.sav
Sep,29,7:50,amp_dlm_max_rf.sav
Sep,29,7:54,amp_dlm_sum_xgb.sav
Sep,29,7:56,amp_dlm_sum_lr.sav
Sep,29,7:58,amp_dlm_sum_svm.sav
Sep,29,8:01,amp_dlm_sum_rf.sav
Sep,29,8:05,amp_mt_avg_xgb.sav
Sep,29,8:06,amp_mt_avg_lr.sav
Sep,29,8:08,amp_mt_avg_svm.sav
Sep,29,8:11,amp_mt_avg_rf.sav
Sep,29,8:15,amp_mt_max_xgb.sav
Sep,29,8:17,amp_mt_max_lr.sav
Sep,29,8:19,amp_mt_max_svm.sav
Sep,29,8:23,amp_mt_max_rf.sav
Sep,29,8:27,amp_mt_sum_xgb.sav
Sep,29,8:28,amp_mt_sum_lr.sav
Sep,29,8:30,amp_mt_sum_svm.sav
Sep,29,8:33,amp_mt_sum_rf.sav
