Sep,29,21:55,dbp_esm1b_mean_xgb.sav
Sep,29,21:58,dbp_esm1b_mean_lr.sav
Sep,29,22:11,dbp_esm1b_mean_svm.sav
Sep,29,22:22,dbp_esm1b_mean_rf.sav
Sep,29,22:40,dbp_esm1v_mean_xgb.sav
Sep,29,22:42,dbp_esm1v_mean_lr.sav
Sep,29,22:56,dbp_esm1v_mean_svm.sav
Sep,29,23:08,dbp_esm1v_mean_rf.sav
Sep,29,23:28,dbp_dlm_avg_xgb.sav
Sep,29,23:34,dbp_dlm_avg_lr.sav
Sep,29,23:55,dbp_dlm_avg_svm.sav
Sep,30,0:12,dbp_dlm_avg_rf.sav
Sep,30,0:32,dbp_dlm_max_xgb.sav
Sep,30,1:59,dbp_dlm_max_lr.sav
Sep,30,2:17,dbp_dlm_max_svm.sav
Sep,30,2:35,dbp_dlm_max_rf.sav
Sep,30,2:56,dbp_dlm_sum_xgb.sav
Sep,30,3:46,dbp_dlm_sum_lr.sav
Sep,30,4:07,dbp_dlm_sum_svm.sav
Sep,30,4:21,dbp_dlm_sum_rf.sav
Sep,30,4:42,dbp_mt_avg_xgb.sav
Sep,30,4:49,dbp_mt_avg_lr.sav
Sep,30,5:08,dbp_mt_avg_svm.sav
Sep,30,5:25,dbp_mt_avg_rf.sav
Sep,30,5:46,dbp_mt_max_xgb.sav
Sep,30,7:12,dbp_mt_max_lr.sav
Sep,30,7:30,dbp_mt_max_svm.sav
Sep,30,7:47,dbp_mt_max_rf.sav
Sep,30,8:09,dbp_mt_sum_xgb.sav
Sep,30,9:00,dbp_mt_sum_lr.sav
Sep,30,9:21,dbp_mt_sum_svm.sav
Sep,30,9:35,dbp_mt_sum_rf.sav
